{
    "train_loss": [
        0.550275711080722,
        0.39187017332351326,
        0.34727197907546353,
        0.3226970872751446,
        0.3006595086933882,
        0.28004947998766705,
        0.2652335518725509,
        0.25951713530284126,
        0.25365120248042494,
        0.24569323559794454,
        0.26778895150731724,
        0.2512026257738222,
        0.23233084747057275,
        0.21781946511739494,
        0.20599765376061793,
        0.19260851566985845,
        0.1786295297206277,
        0.16595550513072369,
        0.15843670564078882,
        0.14348968712419868,
        0.1614697509850337,
        0.15120244225038912
    ],
    "train_acc": [
        0.7100862524203485,
        0.8384087308572434,
        0.8605879246611512,
        0.8612920260517515,
        0.8750220031684562,
        0.8868157014610104,
        0.8894560816757613,
        0.8942087660623129,
        0.8982573490582644,
        0.897025171624714,
        0.8903362084140116,
        0.8957929941911635,
        0.9035381094877663,
        0.9128674529132195,
        0.917268086604471,
        0.9236049991198733,
        0.9290617848970252,
        0.931526139764126,
        0.9387431790177786,
        0.94296778736138,
        0.9380390776271783,
        0.9412075338848794
    ],
    "val_loss": [
        0.3948601832621208,
        0.3362242051317722,
        0.32416485390415006,
        0.3139926078617992,
        0.31582539990732944,
        0.3154866957798621,
        0.31345779359675996,
        0.31956604230001506,
        0.3172045707828385,
        0.31923758776127537,
        0.3328896707287988,
        0.3315031414042042,
        0.3216447397626402,
        0.34959317020726105,
        0.3472574226212401,
        0.35605574312257027,
        0.39887727535055995,
        0.41013881939289104,
        0.38366009056065153,
        0.419070224407353,
        0.4467691523710635,
        0.47250165330749083
    ],
    "val_acc": [
        0.8375527426160337,
        0.8614627285513361,
        0.8713080168776371,
        0.8663853727144867,
        0.8663853727144867,
        0.869901547116737,
        0.870604781997187,
        0.870604781997187,
        0.869901547116737,
        0.870604781997187,
        0.8670886075949367,
        0.8621659634317862,
        0.8762306610407876,
        0.869198312236287,
        0.8727144866385372,
        0.8642756680731364,
        0.8579465541490858,
        0.869901547116737,
        0.8621659634317862,
        0.8635724331926864,
        0.8656821378340366,
        0.8572433192686357
    ],
    "train_f1": [
        0.6996697769499438,
        0.8253214055751297,
        0.8489802483363953,
        0.8499954428601681,
        0.864956194154578,
        0.8771698268456043,
        0.880774391592048,
        0.8853640200301662,
        0.8896690681556221,
        0.8885804503973074,
        0.8809137179187849,
        0.8868515233409744,
        0.8956384396364669,
        0.90544177960898,
        0.9102270557129062,
        0.9167425101980171,
        0.9229001642558687,
        0.9255785704603794,
        0.9333283422027073,
        0.9378583206280056,
        0.9325620013084857,
        0.9358696122408698
    ],
    "val_f1": [
        0.8206109392364762,
        0.8507482725716505,
        0.8595773820219808,
        0.8577688588659411,
        0.8527998430911052,
        0.8566059539026325,
        0.8581084598698481,
        0.8569044082420191,
        0.8592608721471129,
        0.8603119554446987,
        0.8532271321025714,
        0.8539122777591412,
        0.8670327615226372,
        0.8586768116096903,
        0.8632008457266409,
        0.8530515866322916,
        0.8461342326745402,
        0.8584167671747776,
        0.8481514170834559,
        0.8525983949047309,
        0.8549378710313169,
        0.8412774518703919
    ],
    "learning_rates": [
        [
            9.757729755661012e-06,
            9.755527298894293e-05
        ],
        [
            9.054634122155991e-06,
            9.046039886902862e-05
        ],
        [
            7.959536998847742e-06,
            7.940987335200904e-05
        ],
        [
            6.57963412215599e-06,
            6.548539886902863e-05
        ],
        [
            5.05e-06,
            5.0050000000000004e-05
        ],
        [
            3.5203658778440107e-06,
            3.461460113097139e-05
        ],
        [
            2.1404630011522584e-06,
            2.069012664799097e-05
        ],
        [
            1.0453658778440107e-06,
            9.639601130971381e-06
        ],
        [
            3.4227024433899004e-07,
            2.544727011057081e-06
        ],
        [
            1e-05,
            0.0001
        ],
        [
            9.939057285945933e-06,
            9.938503261272713e-05
        ],
        [
            9.757729755661012e-06,
            9.755527298894293e-05
        ],
        [
            9.460482294732422e-06,
            9.455577588320898e-05
        ],
        [
            9.054634122155991e-06,
            9.046039886902862e-05
        ],
        [
            8.550178566873412e-06,
            8.536998372026805e-05
        ],
        [
            7.959536998847742e-06,
            7.940987335200904e-05
        ],
        [
            7.297252973710756e-06,
            7.272682546199037e-05
        ],
        [
            6.57963412215599e-06,
            6.548539886902863e-05
        ],
        [
            5.824350601949143e-06,
            5.786390152875954e-05
        ],
        [
            5.05e-06,
            5.0050000000000004e-05
        ],
        [
            9.757729755661012e-06,
            9.755527298894293e-05
        ],
        [
            9.054634122155991e-06,
            9.046039886902862e-05
        ]
    ]
}