{
    "train_loss": [
        0.6191190322915174,
        0.5529477508622898,
        0.5322283463087999,
        0.5211281182401472,
        0.5180529104432596,
        0.5102375232744251,
        0.5080948239049742,
        0.5058983845350672,
        0.5018290137949806,
        0.49907959805389374,
        0.5027602845945528,
        0.49613355376092594,
        0.48911553712047295,
        0.48432891137991085,
        0.481040678940657,
        0.47307101891685427,
        0.4731393696461906,
        0.4649334116272472,
        0.46424530720893314,
        0.45961650077085053,
        0.4587735106561663,
        0.45449387296952953,
        0.4492982111961735,
        0.45206613121287037,
        0.44942200774039376,
        0.44529108587462934
    ],
    "train_acc": [
        0.6995247315613449,
        0.7834888223904242,
        0.8134131314909347,
        0.8308396409082908,
        0.8294314381270903,
        0.8424573138531949,
        0.8426333392008449,
        0.8489702517162472,
        0.8505544798450977,
        0.854251012145749,
        0.8538989614504489,
        0.8597077979229009,
        0.8662207357859532,
        0.8760781552543566,
        0.8757261045590565,
        0.88575954937511,
        0.8845273719415596,
        0.8963210702341137,
        0.8980813237106143,
        0.902834008097166,
        0.9031860587924662,
        0.9089948952649182,
        0.9140996303467699,
        0.9133955289561697,
        0.9160359091709206,
        0.9225488470339729
    ],
    "val_loss": [
        0.540447826878431,
        0.5192015749492725,
        0.5117141686159851,
        0.5089801451827907,
        0.5051512811254348,
        0.5103508037856862,
        0.503015999678318,
        0.5048175387493166,
        0.5039600976408786,
        0.5023713711696335,
        0.4986011217415081,
        0.49872305863517247,
        0.49879417992845365,
        0.4996223881023343,
        0.49896566978486784,
        0.5049704362319994,
        0.5074576329329848,
        0.5033259947591693,
        0.5028286405253511,
        0.5069918026401021,
        0.5067521099802814,
        0.504368384301914,
        0.5029423235589442,
        0.503008115392194,
        0.5007214343749018,
        0.5040601739652046
    ],
    "val_acc": [
        0.7974683544303798,
        0.8417721518987342,
        0.8481012658227848,
        0.8642756680731364,
        0.8459915611814346,
        0.8614627285513361,
        0.8614627285513361,
        0.8642756680731364,
        0.8656821378340366,
        0.8586497890295358,
        0.8607594936708861,
        0.860056258790436,
        0.8523206751054853,
        0.870604781997187,
        0.8593530239099859,
        0.8720112517580872,
        0.8663853727144867,
        0.8663853727144867,
        0.8677918424753868,
        0.8621659634317862,
        0.8642756680731364,
        0.8621659634317862,
        0.8516174402250352,
        0.8656821378340366,
        0.8607594936708861,
        0.860056258790436
    ],
    "learning_rates": [
        [
            9.757729755661012e-06,
            9.755527298894293e-05
        ],
        [
            9.054634122155991e-06,
            9.046039886902862e-05
        ],
        [
            7.959536998847742e-06,
            7.940987335200904e-05
        ],
        [
            6.57963412215599e-06,
            6.548539886902863e-05
        ],
        [
            5.05e-06,
            5.0050000000000004e-05
        ],
        [
            3.5203658778440107e-06,
            3.461460113097139e-05
        ],
        [
            2.1404630011522584e-06,
            2.069012664799097e-05
        ],
        [
            1.0453658778440107e-06,
            9.639601130971381e-06
        ],
        [
            3.4227024433899004e-07,
            2.544727011057081e-06
        ],
        [
            1e-05,
            0.0001
        ],
        [
            9.939057285945933e-06,
            9.938503261272713e-05
        ],
        [
            9.757729755661012e-06,
            9.755527298894293e-05
        ],
        [
            9.460482294732422e-06,
            9.455577588320898e-05
        ],
        [
            9.054634122155991e-06,
            9.046039886902862e-05
        ],
        [
            8.550178566873412e-06,
            8.536998372026805e-05
        ],
        [
            7.959536998847742e-06,
            7.940987335200904e-05
        ],
        [
            7.297252973710756e-06,
            7.272682546199037e-05
        ],
        [
            6.57963412215599e-06,
            6.548539886902863e-05
        ],
        [
            5.824350601949143e-06,
            5.786390152875954e-05
        ],
        [
            5.05e-06,
            5.0050000000000004e-05
        ],
        [
            4.2756493980508584e-06,
            4.223609847124049e-05
        ],
        [
            3.5203658778440107e-06,
            3.461460113097139e-05
        ],
        [
            2.8027470262892435e-06,
            2.737317453800964e-05
        ],
        [
            2.1404630011522584e-06,
            2.069012664799097e-05
        ],
        [
            1.54982143312659e-06,
            1.4730016279731955e-05
        ],
        [
            1.0453658778440107e-06,
            9.639601130971381e-06
        ]
    ]
}