{
  "student": {
    "accuracy": 98.34710743801652,
    "loss": 0.08809647723498752,
    "auc": 0.9991500212494687,
    "confusion_matrix": [
      [
        178,
        4
      ],
      [
        2,
        179
      ]
    ]
  },
  "teacher": {
    "accuracy": 98.34710743801652,
    "loss": 0.16870816893485624,
    "auc": 0.9968429360694554,
    "confusion_matrix": [
      [
        181,
        1
      ],
      [
        5,
        176
      ]
    ]
  }
}